,name,eps_orig,eps_orig_perc,eps_thresh,eps_thresh_perc,axis
0,image C1,0.23261375,0.212224421875,0.0660465,0.047020625,0
1,image C1,0.23261375,0.212224421875,0.04571784375,0.017518109375,1
2,image C1,0.23261375,0.212224421875,0.04571784375,0.017518109375,2
