,name,eps_orig,eps_orig_perc,eps_thresh,eps_thresh_perc,axis
0,image C2,0.168307671875,0.138599578125,0.0820415625,0.04455240625,0
1,image C2,0.168307671875,0.138599578125,0.0820415625,0.04455240625,1
2,image C2,0.168307671875,0.138599578125,0.0820415625,0.04455240625,2
